0.000000,0
0.041783,1
0.083462,2
0.166652,3
0.166696,0
0.208167,1
0.253074,4
0.253087,1449
0.253115,2897
0.253117,4345
0.253119,5793
0.253121,7241
0.253123,8689
0.253125,10137
0.253126,11585
0.253128,13033
0.253130,14481
0.292806,5
0.292812,15929
0.292835,17377
0.295140,18825
0.295147,20273
0.296945,21721
0.296965,23169
0.300681,26065
0.302896,28961
0.307096,31857
0.310162,34753
0.312939,37649
0.316310,40545
0.317652,43441
0.332814,46337
0.334235,49233
0.338273,50681
0.338288,52129
0.339413,53577
0.339427,55025
0.343425,56473
0.343445,57921
0.345623,59369
0.345639,60817
0.347142,62265
0.347163,63713
0.351281,65161
0.351306,66609
0.352838,68057
0.352866,69505
0.355461,70953
0.355489,72401
0.357791,73849
0.357820,75297
0.361626,76745
0.361655,78193
0.361666,79641
0.361674,81089
0.366430,82537
0.366463,83985
0.366780,85433
0.366812,86881
0.370316,88329
0.373713,88329
0.373750,88329
0.373762,88329
0.374854,88329
0.374914,88329
0.376825,88329
0.376887,88329
0.379011,88329
0.379071,88329
0.379085,88329
0.379094,88329
0.379789,88329
0.379821,88329
0.382793,88329
0.382855,88329
0.384007,88329
0.384075,88329
0.387482,88329
0.387549,88329
0.388295,88329
0.388334,88329
0.389384,88329
0.391590,88329
0.391651,88329
0.391666,88329
0.391675,88329
0.391684,88329
0.391693,88329
0.394698,88329
0.394759,88329
0.396610,88329
0.396668,88329
0.396683,88329
0.396693,88329
0.398527,88329
0.400452,88329
0.400521,88329
0.401140,88329
0.401179,88329
0.402343,88329
0.402402,88329
0.403324,88329
0.403386,88329
0.405391,88329
0.405450,88329
0.406602,88329
0.406661,88329
0.406675,88329
0.406684,88329
0.406693,88329
0.406702,88329
0.407803,88329
0.407833,88329
0.409529,88329
0.409590,88329
0.412072,88329
0.412133,88329
0.412147,88329
0.412157,88329
0.413628,88329
0.413689,88329
0.415215,91225
0.415297,185345
0.415324,186793
0.417656,188241
0.417685,189689
0.418816,191137
0.418887,192585
0.418898,194033
0.420253,195481
0.420280,196929
0.421439,198377
0.422658,201273
0.423832,202721
0.423858,204169
0.423868,205617
0.428587,207065
0.428615,208513
0.428625,209961
0.428633,211409
0.429808,212857
0.429839,214305
0.429848,215753
0.431911,217201
0.431941,218649
0.431950,220097
0.431958,221545
0.434042,222993
0.434071,224441
0.435121,225889
0.435149,227337
0.438711,228785
0.438740,230233
0.438751,231681
0.438759,233129
0.438767,234577
0.439869,236025
0.441014,237473
0.441044,238921
0.441054,240369
0.441062,241817
0.443239,243265
0.444408,244713
0.444438,246161
0.445585,247609
0.445615,249057
0.445624,250505
0.446773,251953
0.446802,253401
0.446811,254849
0.446819,256297
0.447964,257745
0.447992,259193
0.449118,260641
0.449147,262089
0.451250,263537
0.451281,264985
0.453426,264985
0.453460,264985
0.453471,264985
0.455645,264985
0.455680,264985
0.455691,264985
0.455700,264985
0.455709,264985
0.455718,264985
0.455726,264985
0.455733,264985
0.455743,264985
0.455751,264985
0.456878,264985
0.456914,264985
0.456925,264985
0.456933,264985
0.459098,264985
0.459159,264985
0.459171,264985
0.459181,264985
0.460335,264985
0.460393,264985
0.460405,264985
0.460413,264985
0.461561,264985
0.461620,264985
0.493639,304833
0.496886,306281
0.496917,307729
0.496926,309177
0.496934,310625
0.498108,312073
0.498132,313521
0.498141,314969
0.498148,316417
0.499252,317865
0.499280,319313
0.499290,320761
0.499297,322209
0.499306,323657
0.499314,325105
0.500464,326553
0.500495,328001
0.500507,329449
0.500515,330897
0.500524,332345
0.500531,333793
0.500539,335241
0.500546,336689
0.502648,338137
0.502679,339585
0.533950,341033
0.533983,342481
0.533992,343929
0.535210,345377
0.535240,346825
0.535250,348273
0.535257,349721
0.535265,351169
0.535272,352617
0.535279,354065
0.536430,355513
0.536457,356961
0.536466,358409
0.536473,359857
0.536480,361305
0.537621,362753
0.537641,364201
0.537647,365649
0.537652,367097
0.537657,368545
0.537663,369993
0.537669,371441
0.537674,372889
0.537679,374337
0.537683,375785
0.537689,377233
0.537694,378681
0.537699,380129
0.537704,381577
0.537709,383025
0.538847,384473
0.538868,385921
0.538874,387369
0.538879,388817
0.538884,390265
0.540970,391713
0.540991,393161
0.540997,394609
0.541004,396057
0.541009,397505
0.542142,398953
0.542157,400401
0.542162,401849
0.542166,403297
0.542170,404745
0.543298,406193
0.543313,407641
0.543317,409089
0.543321,410537
0.543325,411985
0.543330,413433
0.543334,414881
0.543338,416329
0.543342,417777
0.543345,419225
0.544470,420673
0.544486,422121
0.544490,423569
0.544494,425017
0.544498,426465
0.545625,427913
0.545641,429361
0.545645,429361
0.545654,429361
0.546765,429361
0.546791,429361
0.588057,435905
0.602156,437353
0.628024,438801
0.628045,440249
0.628052,441697
0.628057,443145
0.628062,444593
0.630203,446041
0.630224,447489
0.630229,448937
0.630235,450385
0.630240,451833
0.631379,453281
0.631399,454729
0.631405,456177
0.631410,456177
0.631421,456177
0.632573,456177
0.632624,456177
0.632636,456177
0.632643,456177
0.632653,456177
0.632661,456177
0.632668,456177
0.632675,456177
0.632687,456177
0.632711,456177
0.632720,456177
0.632728,456177
0.632735,456177
0.632743,456177
0.632766,456177
0.632775,456177
0.632782,456177
0.632789,456177
0.633923,456177
0.633953,456177
0.633961,456177
0.633970,456177
0.633977,456177
0.635126,456177
0.635157,456177
0.635166,456177
0.635173,456177
0.637326,456177
0.637359,456177
0.637369,456177
0.637377,456177
0.637385,456177
0.638546,456177
0.638578,456177
0.638587,456177
0.638595,456177
0.638603,456177
0.638613,456177
0.638622,456177
0.638629,456177
0.638637,456177
0.638645,456177
0.638655,456177
0.638663,456177
0.638671,456177
0.638678,456177
0.639837,456177
0.639869,456177
0.639879,456177
0.639887,456177
0.639895,456177
0.640997,456177
0.641030,456177
0.641041,456177
0.641049,456177
0.642208,456177
0.642241,456177
0.642251,456177
0.644400,456177
0.644434,456177
0.644444,456177
0.644452,456177
0.644460,456177
0.645617,456177
0.645677,456177
0.645689,456177
0.672867,472105
0.672906,560433
0.687074,564777
0.687148,566977
0.707302,568425
0.707339,569873
0.707355,571321
0.707369,572769
0.707383,574217
0.707397,575665
0.707410,577113
0.707424,578561
0.707439,580009
0.707450,581457
0.708623,582905
0.708653,584353
0.708667,585801
0.708680,587249
0.708691,588697
0.709829,590145
0.709863,591593
0.709878,593041
0.709890,594489
0.709902,595937
0.709914,597385
0.709925,598833
0.709933,600281
0.710995,601729
0.711024,603177
0.711036,604625
0.711044,606073
0.711051,607521
0.711058,608969
0.711066,610417
0.712244,611865
0.712273,613313
0.712281,614761
0.712288,616209
0.712295,617657
0.713396,619105
0.713426,620553
0.713434,622001
0.713441,623449
0.713450,624897
0.714598,626345
0.714626,627793
0.714635,629241
0.714642,630689
0.714649,632137
0.714658,633585
0.714665,635033
0.714672,636481
0.714679,637929
0.714686,639377
0.714694,640825
0.714701,642273
0.715849,643721
0.715877,645169
0.715885,646617
0.716986,648065
0.717015,649513
0.717024,650961
0.717031,652409
0.717038,653857
0.718188,655305
0.718216,656753
0.718231,658201
0.718243,659649
0.718254,661097
0.718266,662545
0.718276,663993
0.718288,665441
0.718306,666889
0.718325,668337
0.719430,669785
0.727610,671233
0.727639,672681
0.727649,674129
0.727657,675577
0.727664,677025
0.727671,678473
0.727678,679921
0.728841,681369
0.728871,682817
0.728879,684265
0.728886,685713
0.728894,687161
0.730039,688609
0.730069,690057
0.730078,691505
0.730085,692953
0.730093,694401
0.731254,695849
0.731287,697297
0.731298,698049
0.811891,699497
0.811921,700945
0.811930,702393
0.811937,703841
0.811945,705289
0.813046,706737
0.813076,708185
0.813084,709633
0.813091,711081
0.813099,712529
0.813107,713977
0.813115,715425
0.813122,716873
0.813129,718321
0.813136,719769
0.813144,721217
0.815305,722665
0.815337,724113
0.815346,725561
0.815354,727009
0.815362,728457
0.815370,729905
0.815377,732801
0.815386,734249
0.816484,735697
0.816512,737145
0.816521,738593
0.816528,740041
0.816535,741489
0.817679,742937
0.817709,744385
0.817717,745833
0.817724,747281
0.817731,748729
0.817740,750177
0.817747,751625
0.817755,753073
0.817762,754521
0.817769,755969
0.817777,757417
0.817784,758865
0.817791,760313
0.817798,761761
0.817805,763209
0.818943,764657
0.818973,766105
0.818982,767553
0.818989,769001
0.818996,770449
0.819005,771897
0.820160,773345
0.820189,774793
0.820197,776241
0.820204,777689
0.821318,779137
0.821351,780585
0.821361,782033
0.821368,783481
0.821375,784929
0.822474,786377
0.822503,787825
0.822512,789273
0.822519,790721
0.822526,792169
0.823680,793617
0.823708,795065
0.823717,796513
0.823726,797961
0.823733,799409
0.823742,800857
0.823749,802305
0.823756,803753
0.823764,805201
0.823771,806649
0.823778,808097
0.823786,809545
0.823792,810993
0.823799,812441
0.823806,813889
0.824907,815337
0.824936,815337
0.824953,815337
0.824990,815337
0.825002,815337
0.826090,815337
0.826109,815337
0.826117,815337
0.827270,815337
0.865961,829121
0.916858,830569
0.916888,832017
0.916897,833465
0.916904,834913
0.916912,836361
0.916920,837809
0.916928,839257
0.916936,840705
0.916943,842153
0.916950,843601
0.918111,845049
0.918139,846497
0.918147,847945
0.918155,849393
0.918162,850841
0.918171,852289
0.920318,853737
0.920349,855185
0.920358,856633
0.920366,858081
0.920375,859529
0.920382,860977
0.920389,862425
0.920398,863873
0.920406,865321
0.921508,866769
0.921537,868217
0.921545,869665
0.921553,871113
0.921560,872561
0.922720,874009
0.922749,875457
0.922757,876905
0.922764,878353
0.922772,879801
0.922781,881249
0.922788,882697
0.922795,884145
0.922802,885593
0.922809,887041
0.922817,888489
0.922824,889937
0.922831,891385
0.922838,892833
0.922845,894281
0.924003,895729
0.924034,895729
0.924051,895729
0.925189,895729
0.925254,895729
0.925274,895729
0.925286,895729
0.925300,895729
0.926400,895729
0.926434,895729
0.926445,895729
0.926453,895729
0.926461,895729
0.926469,895729
0.927627,895729
0.927660,895729
0.927669,895729
0.927677,895729
0.927685,895729
0.927696,895729
0.927704,895729
0.927712,895729
0.927720,895729
0.927728,895729
0.927737,895729
0.927745,895729
0.927753,895729
0.927760,895729
0.927768,895729
0.928859,895729
0.928892,895729
0.928902,895729
0.928910,895729
0.931066,895729
0.931101,895729
0.931111,895729
0.931119,895729
0.931127,895729
0.931136,895729
0.931144,895729
0.931152,895729
0.931159,895729
0.931167,895729
0.932317,895729
0.966196,960193
1.021757,961641
1.021788,963089
1.021797,964537
1.021804,965985
1.021811,967433
1.022968,968881
1.022996,970329
1.023004,971777
1.023011,973225
1.023018,973225
1.023034,973225
1.023043,973225
1.023076,973225
1.023088,973225
1.023098,973225
1.023106,973225
1.024264,973225
1.024297,973225
1.024306,973225
1.024316,973225
1.024324,973225
1.024332,973225
1.024340,973225
1.024348,973225
1.026510,973225
1.026543,973225
1.026553,973225
1.026561,973225
1.027714,973225
1.027772,973225
1.027785,973225
1.027793,973225
1.027801,973225
1.027811,973225
1.027826,973225
1.027835,973225
1.027843,973225
1.027851,973225
1.027861,973225
1.027869,973225
1.027893,973225
1.027902,973225
1.029004,973225
1.029038,973225
1.029048,973225
1.029056,973225
1.029064,973225
1.029074,973225
1.030231,973225
1.030265,973225
1.030274,973225
1.030283,973225
1.031440,973225
1.031473,973225
1.031483,973225
1.031491,973225
1.031499,973225
1.032657,973225
1.032716,973225
1.032729,973225
1.032737,973225
1.032768,973225
1.032824,973225
1.033003,973225
1.033014,973225
1.033025,973225
1.034168,973225
1.034201,973225
1.034212,973225
1.034219,973225
1.034227,973225
1.034237,973225
1.034246,973225
1.034254,973225
1.034262,973225
1.034270,973225
1.035408,973225
1.035442,973225
1.035451,973225
1.035459,973225
1.035467,973225
1.035502,973225
1.035512,973225
1.035520,973225
1.036675,973225
1.036709,973225
1.067880,1019561
1.067920,1047073
1.074070,1081825
1.076261,1091265
1.126274,1092713
1.126303,1094161
1.126315,1095609
1.126323,1097057
1.128295,1098505
1.128315,1099953
1.128324,1101401
1.128332,1102849
1.128876,1104297
1.128905,1105745
1.130007,1107193
1.131205,1108641
1.131238,1110089
1.131252,1111537
1.132369,1112985
1.132396,1114433
1.133553,1115881
1.133581,1117329
1.134761,1118777
1.134789,1120225
1.134799,1121673
1.134806,1123121
1.135889,1123121
1.137015,1123121
1.137048,1123121
1.137794,1123121
1.137826,1123121
1.138984,1123121
1.139016,1123121
1.140108,1123121
1.140128,1123121
1.141328,1123121
1.141361,1123121
1.141373,1123121
1.141381,1123121
1.142528,1123121
1.142559,1123121
1.143719,1123121
1.143750,1123121
1.143761,1123121
1.143769,1123121
1.144856,1123121
1.144890,1123121
1.146092,1123121
1.146857,1123121
1.149189,1123121
1.149222,1123121
1.150337,1123121
1.150370,1123121
1.151473,1123121
1.151506,1123121
1.151518,1123121
1.152694,1123121
1.152730,1123121
1.152741,1123121
1.152768,1123121
1.154938,1123121
1.154971,1123121
1.156131,1123121
1.156164,1123121
1.157323,1123121
1.157356,1123121
1.158459,1123121
1.158492,1123121
1.159651,1123121
1.159684,1123121
1.159697,1123121
1.159706,1123121
1.160948,1123121
1.160981,1123121
1.160993,1123121
1.161001,1123121
1.162155,1123121
1.162186,1123121
1.164329,1123121
1.164361,1123121
1.165518,1123121
1.165550,1123121
1.166564,1123121
1.166594,1123121
1.166606,1123121
1.166615,1123121
1.167755,1123121
1.167786,1123121
1.167798,1123121
1.167806,1123121
1.168905,1123121
1.168938,1123121
1.177082,1154977
1.186268,1222337
1.230421,1223785
1.230450,1225233
1.231614,1226681
1.231655,1228129
1.231663,1229577
1.231669,1231025
1.234093,1231025
1.235200,1231025
1.235222,1231025
1.236307,1231025
1.236329,1231025
1.237459,1231025
1.237477,1231025
1.237812,1231025
1.237828,1231025
1.238909,1231025
1.238925,1231025
1.241076,1231025
1.241094,1231025
1.241100,1231025
1.241105,1231025
1.242221,1231025
1.242234,1231025
1.243315,1231025
1.243328,1231025
1.244432,1231025
1.244445,1231025
1.245577,1231025
1.245591,1231025
1.245596,1231025
1.245599,1231025
1.246720,1231025
1.246731,1231025
1.247826,1231025
1.247836,1231025
1.248835,1231025
1.248847,1231025
1.249941,1231025
1.249953,1231025
1.252284,1231025
1.254386,1231025
1.256665,1231025
1.257772,1231025
1.258879,1231025
1.259982,1231025
1.261078,1231025
1.262193,1231025
1.263312,1231025
1.264427,1231025
1.265542,1231025
1.267661,1231025
1.267670,1231025
1.268807,1231025
1.269925,1231025
1.271026,1231025
1.272128,1231025
1.273229,1231025
1.274333,1231025
1.275436,1231025
1.275443,1353409
1.336215,1354857
1.336223,1356305
1.336740,1357753
1.336751,1359201
1.337918,1360649
1.337924,1362097
1.337926,1363545
1.337929,1364993
1.339234,1366441
1.339241,1367889
1.339859,1369337
1.339865,1370785
1.340936,1372233
1.342187,1375129
1.343408,1378025
1.344511,1380921
1.344612,1382369
1.345736,1382369
1.345743,1382369
1.345752,1382369
1.346962,1382369
1.349476,1382369
1.350667,1382369
1.352871,1382369
1.355309,1382369
1.357768,1382369
1.357777,1382369
1.359756,1382369
1.360905,1382369
1.362092,1382369
1.363276,1382369
1.365382,1382369
1.366591,1382369
1.366602,1382369
1.368069,1382369
1.369248,1382369
1.371358,1382369
1.372525,1382369
1.373705,1382369
1.373718,1382369
1.374877,1382369
1.376046,1382369
1.379206,1382369
1.380332,1382369
1.387481,1484481
1.441688,1487377
1.441718,1490273
1.443634,1493169
1.443661,1496065
1.444808,1497513
1.444843,1497513
1.446007,1497513
1.447167,1497513
1.448979,1497513
1.451309,1497513
1.452483,1497513
1.453674,1497513
1.454836,1497513
1.457225,1497513
1.458408,1497513
1.459699,1497513
1.459731,1497513
1.462100,1497513
1.464443,1497513
1.465611,1497513
1.466721,1497513
1.468862,1497513
1.470030,1497513
1.471199,1497513
1.472372,1497513
1.474540,1497513
1.475709,1497513
1.475741,1497513
1.476870,1497513
1.478039,1497513
1.480206,1497513
1.481367,1497513
1.482537,1497513
1.483705,1497513
1.483763,1497513
1.485914,1497513
1.487082,1601769
1.524708,1615553
1.546509,1618449
1.547512,1621345
1.548690,1624241
1.548719,1627137
1.548778,1630033
1.550539,1632929
1.551698,1635825
1.551730,1638721
1.552793,1641617
1.553970,1644513
1.555145,1647409
1.556320,1650305
1.557484,1653201
1.558642,1656097
1.558668,1658993
1.559834,1661889
1.560950,1664785
1.562110,1667681
1.563297,1670577
1.564434,1673473
1.565605,1676369
1.565635,1679265
1.566841,1682161
1.569204,1682161
1.569247,1682161
1.570348,1682161
1.573683,1682161
1.573739,1682161
1.574888,1682161
1.576055,1682161
1.577226,1682161
1.579396,1682161
1.580570,1682161
1.581737,1682161
1.582907,1682161
1.584074,1682161
1.586247,1682161
1.587411,1682161
1.588579,1682161
1.588611,1682161
1.589756,1682161
1.609853,1686505
1.615035,1746625
1.651547,1749521
1.652678,1752417
1.652712,1755313
1.654614,1758209
1.654643,1761105
1.654652,1764001
1.656649,1766897
1.656675,1769793
1.657800,1772689
1.658963,1775585
1.660144,1778481
1.661322,1781377
1.663703,1782825
1.663736,1782825
1.663748,1782825
1.664859,1782825
1.666702,1782825
1.667879,1782825
1.670119,1782825
1.671422,1782825
1.672712,1782825
1.675044,1782825
1.677318,1782825
1.678484,1782825
1.679651,1782825
1.679684,1782825
1.680861,1782825
1.682053,1782825
1.684241,1782825
1.684967,1782825
1.687136,1782825
1.688317,1782825
1.689485,1782825
1.690655,1782825
1.690689,1782825
1.692870,1782825
1.694039,1782825
1.695213,1782825
1.696409,1782825
1.697581,1782825
1.705448,1827713
1.722597,1833505
1.722632,1869705
1.734739,1877697
1.756009,1880593
1.757118,1883489
1.757143,1886385
1.758240,1889281
1.759670,1892177
1.759695,1895073
1.760743,1897969
1.762878,1900865
1.763928,1903761
1.763946,1906657
1.765001,1909553
1.767406,1912449
1.768476,1915345
1.769565,1918241
1.769582,1921137
1.769607,1924033
1.771840,1926929
1.772979,1929825
1.772990,1932721
1.774065,1935617
1.776397,1938513
1.777515,1941409
1.777525,1944305
1.778636,1948649
1.779752,1951545
1.780806,1951545
1.781916,1951545
1.781926,1951545
1.783035,1951545
1.784143,1951545
1.785240,1951545
1.786350,1951545
1.787455,1951545
1.788559,1951545
1.790662,1951545
1.790678,1951545
1.791787,1951545
1.792829,1951545
1.793934,1951545
1.795049,1951545
1.796169,1951545
1.822545,1979057
1.831724,2008769
1.859863,2011665
1.860843,2014561
1.861894,2017457
1.862933,2020353
1.862958,2023249
1.864113,2026145
1.864964,2029041
1.866056,2031937
1.867129,2034833
1.868245,2037729
1.869503,2040625
1.870615,2043521
1.870643,2046417
1.871841,2049313
1.874225,2052209
1.875360,2055105
1.876648,2058001
1.876671,2060897
1.877769,2063793
1.880239,2065241
1.880270,2065241
1.881370,2065241
1.882669,2065241
1.882709,2065241
1.885293,2065241
1.886458,2065241
1.887626,2065241
1.887659,2065241
1.888809,2065241
1.890977,2065241
1.892143,2065241
1.893321,2065241
1.894489,2065241
1.895660,2065241
1.896852,2065241
1.898020,2065241
1.899187,2065241
1.900360,2065241
1.901543,2065241
1.903709,2065241
1.903742,2065241
1.904868,2065241
1.921040,2139841
1.965079,2142737
1.965108,2145633
1.967209,2148529
1.968386,2151425
1.969341,2154321
1.969368,2157217
1.970413,2160113
1.971487,2163009
1.972672,2165905
1.972699,2168801
1.974879,2171697
1.976125,2174593
1.977248,2177489
1.979757,2183281
1.980871,2186177
1.982174,2189073
1.983292,2191969
1.984429,2194865
1.985663,2197761
1.985690,2200657
1.986790,2203553
1.986819,2206449
1.989074,2210793
1.990179,2213689
1.991298,2216585
1.993631,2219481
1.993659,2222377
1.994817,2225273
1.995991,2228169
1.997139,2231065
1.997169,2233961
1.998322,2236857
2.000498,2239753
2.001678,2242649
2.001707,2245545
2.002864,2251337
2.004043,2254233
2.006215,2257129
2.007385,2260025
2.009561,2262921
2.010736,2265817
2.010764,2268713
2.010773,2270913
2.070082,2273809
2.070988,2276705
2.072073,2279601
2.073279,2282497
2.073927,2285393
2.073955,2288289
2.075105,2291185
2.076586,2294081
2.076614,2296977
2.078645,2299873
2.078672,2302769
2.081012,2305665
2.082173,2308561
2.083374,2311457
2.085754,2317249
2.086949,2320145
2.088136,2320145
2.089372,2320145
2.089401,2320145
2.091663,2320145
2.091696,2320145
2.094502,2320145
2.094734,2320145
2.096917,2320145
2.099085,2320145
2.100252,2320145
2.101402,2320145
2.102598,2320145
2.102632,2320145
2.105778,2320145
2.106947,2320145
2.108116,2320145
2.109284,2320145
2.110253,2320145
2.112427,2320145
2.113618,2320145
2.114792,2320145
2.115915,2320145
2.130560,2340417
2.135737,2353449
2.140872,2383857
2.175432,2383857
2.175488,2383857
2.176828,2383857
2.178001,2383857
2.180079,2383857
2.181145,2383857
2.182324,2383857
2.184505,2383857
2.186691,2383857
2.186727,2383857
2.187925,2383857
2.190058,2383857
2.191175,2383857
2.192324,2383857
2.193507,2383857
2.194681,2383857
2.195868,2383857
2.197244,2383857
2.198441,2383857
2.199656,2383857
2.200854,2383857
2.202107,2383857
2.216289,2478729
2.217497,2481625
2.217526,2484521
2.218693,2487417
2.219870,2490313
2.220991,2493209
2.223160,2496105
2.223188,2500449
2.224351,2503345
2.225528,2506241
2.227693,2509137
2.227722,2512033
2.228875,2514929
2.230052,2520721
2.231318,2523617
2.233497,2526513
2.234674,2529409
2.234701,2532305
2.257319,2533057
2.279619,2534505
2.279635,2534505
2.280651,2534505
2.281719,2534505
2.282796,2534505
2.283905,2534505
2.286262,2534505
2.287507,2534505
2.288587,2534505
2.288598,2534505
2.290905,2534505
2.292057,2534505
2.294304,2534505
2.295370,2534505
2.296486,2534505
2.297601,2534505
2.297611,2534505
2.299835,2534505
2.301030,2534505
2.302099,2534505
2.303252,2534505
2.304452,2534505
2.304599,2534505
2.305788,2534505
2.306769,2534505
2.308971,2534505
2.310161,2534505
2.311359,2534505
2.312428,2534505
2.313498,2534505
2.314657,2534505
2.314666,2534505
2.315857,2534505
2.317932,2534505
2.319130,2534505
2.320327,2534505
2.321399,2534505
2.321408,2543193
2.322507,2543193
2.323696,2543193
2.323705,2622833
2.324871,2622833
2.324880,2622833
2.327050,2622833
2.328227,2622833
2.329331,2622833
2.330407,2622833
2.353702,2632969
2.355862,2664129
2.385085,2667025
2.386182,2669921
2.387240,2672817
2.388246,2675713
2.389406,2678609
2.389436,2681505
2.391414,2687297
2.393665,2693089
2.394840,2695985
2.397158,2701777
2.399390,2704673
2.399688,2707569
2.400857,2710465
2.401906,2713361
2.403061,2716257
2.404246,2719153
2.405608,2722049
2.405634,2724945
2.406720,2726393
2.406753,2726393
2.407880,2726393
2.410027,2726393
2.410796,2726393
2.411963,2726393
2.414307,2726393
2.415458,2726393
2.416621,2726393
2.416682,2726393
2.417832,2726393
2.420001,2726393
2.421139,2726393
2.422304,2726393
2.424430,2726393
2.426612,2726393
2.426646,2726393
2.429681,2726393
2.430852,2726393
2.432019,2726393
2.433162,2726393
2.448076,2740873
2.455239,2746665
2.458374,2795201
2.489940,2798097
2.489967,2800993
2.491127,2803889
2.493432,2806785
2.493461,2809681
2.493605,2812577
2.494757,2815473
2.495917,2818369
2.495945,2821265
2.497062,2827057
2.499296,2829953
2.500432,2832849
2.501619,2835745
2.501646,2841537
2.502744,2847329
2.505153,2850225
2.506330,2853121
2.507471,2856017
2.507500,2858913
2.508873,2863257
2.510037,2866153
2.511200,2869049
2.512327,2874841
2.512357,2877737
2.514456,2880633
2.515621,2883529
2.516795,2884977
2.516830,2884977
2.517980,2884977
2.519176,2884977
2.520310,2884977
2.522436,2884977
2.523604,2884977
2.523637,2884977
2.524795,2884977
2.525962,2884977
2.527129,2884977
2.529302,2884977
2.559016,2926273
2.594657,2929169
2.594688,2932065
2.596607,2934961
2.596634,2937857
2.597644,2940753
2.597671,2943649
2.598815,2946545
2.600822,2949441
2.601963,2952337
2.603085,2955233
2.604181,2958129
2.606569,2961025
2.606595,2963921
2.607694,2966817
2.608930,2969713
2.610051,2972609
2.610079,2975505
2.611198,2978401
2.612311,2981297
2.613445,2984193
2.615687,2985641
2.615730,2985641
2.617061,2985641
2.618292,2985641
2.619991,2985641
2.621041,2985641
2.622233,2985641
2.623396,2985641
2.624575,2985641
2.624608,2985641
2.625769,2985641
2.627933,2985641
2.629092,2985641
2.630273,2985641
2.632457,2985641
2.633638,2985641
2.635824,2985641
2.636952,2985641
2.638613,2985641
2.639793,2985641
2.640917,2985641
2.642097,2985641
2.657283,3057345
2.697753,3060241
2.698916,3063137
2.701119,3066033
2.702159,3068929
2.703255,3071825
2.703284,3074721
2.704289,3077617
2.707568,3080513
2.708655,3083409
2.708679,3086305
2.709776,3089201
2.710961,3092097
2.712080,3097889
2.713400,3100785
2.714403,3103681
2.716534,3106577
2.717970,3109473
2.719105,3112369
2.720219,3115265
2.722640,3116713
2.722673,3116713
2.722685,3116713
2.723873,3116713
2.725519,3116713
2.725687,3116713
2.726819,3116713
2.729000,3116713
2.730246,3116713
2.731408,3116713
2.732590,3116713
2.733770,3116713
2.736875,3116713
2.738057,3116713
2.739237,3116713
2.740399,3116713
2.741580,3116713
2.742764,3116713
2.743937,3116713
2.746530,3116713
2.747713,3116713
2.747746,3116713
2.748857,3116713
2.764023,3188417
2.802635,3191313
2.803767,3194209
2.804833,3197105
2.806605,3200001
2.807719,3202897
2.809497,3205793
2.809528,3208689
2.812152,3211585
2.813154,3214481
2.814321,3217377
2.815494,3220273
2.816643,3223169
2.816665,3226065
2.816673,3226065
2.817821,3226065
2.817844,3226065
2.819891,3226065
2.821653,3226065
2.822803,3226065
2.823932,3226065
2.825055,3226065
2.826190,3226065
2.828433,3226065
2.830715,3226065
2.832955,3226065
2.834076,3226065
2.835157,3226065
2.837344,3226065
2.839021,3226065
2.840137,3226065
2.842242,3226065
2.843317,3226065
2.845432,3226065
2.846530,3226065
2.847601,3226065
2.847610,3226065
2.848676,3226065
2.850782,3226065
2.851887,3226065
2.859001,3319489
2.909043,3322385
2.910138,3322385
2.910149,3322385
2.910153,3322385
2.912445,3322385
2.913432,3322385
2.914902,3322385
2.916982,3322385
2.918933,3322385
2.921333,3322385
2.922469,3322385
2.923640,3322385
2.924780,3322385
2.926033,3322385
2.927177,3322385
2.928333,3322385
2.929446,3322385
2.930680,3322385
2.933340,3322385
2.935402,3322385
2.937887,3322385
2.938883,3322385
2.940098,3322385
2.941271,3322385
2.942466,3322385
2.944596,3322385
2.944631,3322385
2.945779,3322385
2.946950,3322385
2.949121,3322385
2.951296,3322385
2.952480,3322385
2.952514,3397681
2.952530,3397681
2.952540,3397681
2.954687,3397681
2.954722,3397681
2.956881,3397681
2.959062,3397681
2.960151,3397681
2.980485,3404921
2.982660,3450561
3.013516,3453457
3.014644,3456353
3.014672,3459249
3.015721,3462145
3.017912,3465041
3.019093,3467937
3.019124,3470833
3.020203,3473729
3.022274,3476625
3.024431,3479521
3.025551,3482417
3.025729,3485313
3.026826,3488209
3.027981,3491105
3.029167,3494001
3.030420,3496897
3.030437,3499793
3.031574,3502689
3.032673,3505585
3.035002,3508481
3.036264,3511377
3.037421,3514273
3.038551,3517169
3.039685,3521513
3.040776,3524409
3.041893,3528753
3.043251,3531649
3.044416,3534545
3.046586,3537441
3.046616,3540337
3.047763,3543233
3.048884,3546129
3.048914,3550473
3.051064,3553369
3.053187,3556265
3.054349,3559161
3.055527,3562057
3.056694,3564953
3.056723,3564953
3.056740,3564953
3.056767,3564953
3.059950,3564953
3.061076,3564953
3.062265,3564953
3.063447,3564953
3.097709,3581633
3.118429,3584529
3.120465,3587425
3.120495,3590321
3.121535,3593217
3.138885,3599009
3.138913,3601905
3.141109,3604801
3.143213,3607697
3.144469,3610593
3.144677,3613489
3.145784,3616385
3.146962,3619281
3.148148,3622177
3.149322,3625073
3.150449,3630865
3.151622,3633761
3.152739,3636657
3.153896,3639553
3.156304,3642449
3.157439,3645345
3.158574,3648241
3.159881,3652585
3.161013,3655481
3.163127,3662721
3.165314,3665617
3.166490,3668513
3.167653,3671409
3.167683,3674305
3.167692,3678649
3.169797,3681545
3.171977,3684441
3.173121,3687337
3.174288,3690233
3.175457,3693129
3.176622,3698921
3.176650,3701817
3.178801,3704713
3.179979,3707609
3.181127,3710505
3.224738,3715601
3.224819,3718497
3.225964,3721393
3.227128,3727185
3.227676,3730081
3.228855,3732977
3.228882,3735873
3.232289,3737321
3.232331,3737321
3.233506,3737321
3.234669,3737321
3.235835,3737321
3.237556,3737321
3.239829,3737321
3.242248,3737321
3.243479,3737321
3.245643,3737321
3.245684,3737321
3.248309,3737321
3.249450,3737321
3.250640,3737321
3.250673,3737321
3.251780,3737321
3.252907,3737321
3.255036,3737321
3.256419,3737321
3.257555,3737321
3.258732,3737321
3.259904,3737321
3.261029,3737321
3.262156,3737321
3.263599,3737321
3.266780,3737321
3.274949,3770625
3.282135,3843777
3.328072,3846673
3.328950,3849569
3.330074,3852465
3.330096,3855361
3.330901,3858257
3.331983,3861153
3.333098,3864049
3.334210,3866945
3.335389,3869841
3.336499,3872737
3.336608,3875633
3.337703,3878529
3.338825,3881425
3.340078,3884321
3.341202,3887217
3.342249,3890113
3.342262,3893009
3.343338,3895905
3.345653,3898801
3.345673,3901697
3.346874,3904593
3.347958,3907489
3.349052,3910385
3.351442,3913281
3.352565,3916177
3.353685,3919073
3.353699,3923417
3.353703,3926313
3.354817,3929209
3.356894,3932105
3.358012,3935001
3.359130,3937897
3.360208,3940793
3.361320,3943689
3.361331,3946585
3.362493,3950929
3.363574,3955273
3.364742,3958169
3.365827,3961065
3.366997,3963961
3.368164,3969753
3.369329,3972649
3.370406,3974849
3.433035,3977745
3.434073,3980641
3.435266,3983537
3.435305,3986433
3.437103,3987881
3.437138,3987881
3.438241,3987881
3.439394,3987881
3.441117,3987881
3.443444,3987881
3.444679,3987881
3.448286,3987881
3.450633,3987881
3.451761,3987881
3.453106,3987881
3.454282,3987881
3.456587,3987881
3.456621,3987881
3.457733,3987881
3.458757,3987881
3.460863,3987881
3.462033,3987881
3.464205,3987881
3.465369,3987881
3.466540,3987881
3.467710,3987881
3.467745,3987881
3.468864,3987881
3.471036,3987881
3.472207,3987881
3.473371,3987881
3.474542,3987881
3.475713,3987881
3.478896,4105921
3.538339,4108817
3.538985,4111713
3.540148,4114609
3.541324,4117505
3.541359,4120401
3.541835,4123297
3.542995,4126193
3.544180,4129089
3.545234,4131985
3.546363,4134881
3.547500,4137777
3.549027,4139225
3.549061,4139225
3.551426,4139225
3.552609,4139225
3.553772,4139225
3.556595,4139225
3.556627,4139225
3.558973,4139225
3.560163,4139225
3.562467,4139225
3.563639,4139225
3.563672,4139225
3.564829,4139225
3.565972,4139225
3.568155,4139225
3.569280,4139225
3.570449,4139225
3.571490,4139225
3.573658,4139225
3.573692,4139225
3.574842,4139225
3.576012,4139225
3.578188,4139225
3.579382,4139225
3.580555,4139225
3.581726,4139225
3.590886,4223209
3.619255,4236993
3.643230,4239889
3.644076,4242785
3.645211,4245681
3.645284,4248577
3.646011,4251473
3.648187,4252921
3.649241,4252921
3.649276,4252921
3.651690,4252921
3.653400,4252921
3.654619,4252921
3.655678,4252921
3.659308,4252921
3.660628,4252921
3.661680,4252921
3.664167,4252921
3.666510,4252921
3.668674,4252921
3.668708,4252921
3.669622,4252921
3.671790,4252921
3.673710,4252921
3.674881,4252921
3.676065,4252921
3.677241,4252921
3.678411,4252921
3.679588,4252921
3.680782,4252921
3.681954,4252921
3.683124,4252921
3.684297,4252921
3.685418,4252921
3.686591,4252921
3.689762,4254369
3.691947,4319529
3.712828,4368065
3.748041,4370961
3.749183,4373857
3.750016,4376753
3.750043,4379649
3.751186,4382545
3.752044,4385441
3.753100,4388337
3.754284,4391233
3.755475,4394129
3.755646,4397025
3.756843,4399921
3.759012,4401369
3.759047,4401369
3.760238,4401369
3.761423,4401369
3.762754,4401369
3.765523,4401369
3.766591,4401369
3.767766,4401369
3.770156,4401369
3.772563,4401369
3.772595,4401369
3.773743,4401369
3.775910,4401369
3.777030,4401369
3.779198,4401369
3.780360,4401369
3.782668,4401369
3.782729,4401369
3.783880,4401369
3.785011,4401369
3.786185,4401369
3.788349,4401369
3.789526,4401369
3.790716,4401369
3.790750,4401369
3.799897,4465081
3.823679,4486801
3.829850,4499137
3.852618,4502033
3.854695,4504929
3.854702,4507825
3.854704,4510721
3.856244,4513617
3.857344,4516513
3.858417,4519409
3.859531,4522305
3.860560,4525201
3.861619,4528097
3.861625,4530993
3.862748,4533889
3.865192,4536785
3.866316,4539681
3.867415,4542577
3.867421,4545473
3.868574,4548369
3.868600,4551265
3.869744,4554161
3.870941,4557057
3.872128,4559953
3.873324,4562849
3.873331,4565745
3.875638,4570089
3.875645,4572985
3.876739,4572985
3.877865,4572985
3.877873,4572985
3.879974,4572985
3.882089,4572985
3.883208,4572985
3.884311,4572985
3.885433,4572985
3.886526,4572985
3.887653,4572985
3.888877,4572985
3.889977,4572985
3.891196,4572985
3.892387,4572985
3.893562,4572985
3.894781,4572985
3.895882,4572985
3.896926,4572985
3.919319,4587465
3.924504,4591809
3.924515,4630209
3.956801,4633105
3.957990,4636001
3.960414,4638897
3.960440,4638897
3.960457,4638897
3.960467,4638897
3.961604,4638897
3.965736,4638897
3.965768,4638897
3.968015,4638897
3.969220,4638897
3.972022,4638897
3.973378,4638897
3.974561,4638897
3.974595,4638897
3.976762,4638897
3.977943,4638897
3.979126,4638897
3.980305,4638897
3.981723,4638897
3.982904,4638897
3.984093,4638897
3.986278,4638897
3.987459,4638897
3.988642,4638897
3.988676,4638897
3.990859,4638897
3.992041,4638897
3.993221,4638897
4.000387,4666409
4.009574,4761281
4.062398,4764177
4.063420,4767073
4.064389,4769969
4.065374,4772865
4.066385,4775761
4.067558,4778657
4.068559,4781553
4.068585,4784449
4.069742,4790241
4.070908,4793137
4.072091,4796033
4.073277,4798929
4.074472,4801825
4.075654,4804721
4.075680,4807617
4.078013,4813409
4.079167,4816305
4.080360,4819201
4.081520,4822097
4.082706,4824993
4.082732,4827889
4.083874,4827889
4.083907,4827889
4.084964,4827889
4.086172,4827889
4.087915,4827889
4.090122,4827889
4.091302,4827889
4.092482,4827889
4.093663,4827889
4.093698,4827889
4.095856,4827889
4.096980,4827889
4.098161,4827889
4.099329,4827889
4.100510,4827889
4.101700,4827889
4.102886,4827889
4.105086,4827889
4.105783,4827889
4.107963,4827889
4.126149,4838025
4.167656,4838025
4.167716,4838025
4.168874,4838025
4.170068,4838025
4.171185,4838025
4.172335,4838025
4.174513,4838025
4.175694,4838025
4.175728,4838025
4.176876,4838025
4.178096,4838025
4.181213,4838025
4.182361,4838025
4.183546,4838025
4.184674,4838025
4.184706,4838025
4.185806,4838025
4.187938,4838025
4.208483,4935793
4.208546,4935793
4.208561,4935793
4.209688,4935793
4.210867,4935793
4.213728,4935793
4.213763,4935793
4.214968,4935793
4.217126,4935793
4.218308,4935793
4.219473,4935793
4.220658,4935793
4.220692,4935793
4.221850,4935793
4.224013,4935793
4.225183,4935793
4.225217,4957513
4.226363,4957513
4.226394,4957513
4.227553,4957513
4.228730,4957513
4.229923,4957513
4.231141,4957513
4.231723,4957513
4.233904,4957513
4.235085,4957513
4.250738,4957513
4.251731,5006745
4.271450,5023425
4.272656,5026321
4.272687,5029217
4.272697,5032113
4.274581,5035009
4.274611,5037905
4.276926,5040801
4.278185,5043697
4.278211,5046593
4.279309,5049489
4.280647,5052385
4.281819,5055281
4.281846,5058177
4.282997,5061073
4.285416,5063969
4.286538,5066865
4.286685,5069761
4.286711,5072657
4.288871,5075553
4.290079,5078449
4.290108,5081345
4.291233,5084241
4.293510,5087137
4.293540,5090033
4.295699,5094377
4.295729,5100169
4.296869,5103065
4.298049,5108857
4.299227,5114649
4.301435,5117545
4.302614,5120441
4.302643,5123337
4.303804,5129129
4.303834,5132025
4.304936,5134921
4.307111,5137817
4.308318,5140713
4.309500,5140713
4.309533,5140713
4.311720,5140713
4.311755,5140713
4.350544,5154497
4.376584,5157393
4.376613,5160289
4.378388,5163185
4.391966,5166081
4.391990,5168977
4.394245,5174769
4.394271,5177665
4.396594,5183457
4.396619,5186353
4.397736,5189249
4.398873,5192145
4.400107,5195041
4.400131,5197937
4.402352,5200833
4.403440,5203729
4.404531,5206625
4.404623,5209521
4.405707,5212417
4.406806,5215313
4.407983,5218209
4.409083,5221105
4.410343,5225449
4.411484,5228345
4.412603,5231241
4.412615,5234137
4.413725,5239929
4.414842,5242825
4.416919,5245721
4.418035,5248617
4.419159,5251513
4.420287,5254409
4.421404,5258753
4.421415,5261649
4.422516,5264545
4.423623,5267441
4.424730,5270337
4.425907,5273233
4.427013,5276129
4.428188,5279025
4.428197,5280473
4.429303,5280473
4.429313,5280473
4.470140,5285569
4.511264,5288465
4.511310,5291361
4.511998,5294257
4.513640,5297153
4.513669,5300049
4.513678,5302945
4.515744,5305841
4.516913,5308737
4.518169,5311633
4.519333,5314529
4.520446,5317425
4.520605,5320321
4.521731,5323217
4.522884,5326113
4.522910,5329009
4.524061,5331905
4.525208,5334801
4.526392,5337697
4.527508,5340593
4.527605,5343489
4.527620,5346385
4.529877,5349281
4.532296,5350729
4.532328,5350729
4.532340,5350729
4.535580,5350729
4.535614,5350729
4.536776,5350729
4.537944,5350729
4.539123,5350729
4.541314,5350729
4.542483,5350729
4.543653,5350729
4.543686,5350729
4.544871,5350729
4.546044,5350729
4.548212,5350729
4.549383,5350729
4.550553,5350729
4.550618,5350729
4.551767,5350729
4.553477,5350729
4.572247,5416641
4.586397,5419537
4.587130,5422433
4.589244,5425329
4.590374,5428225
4.591548,5431121
4.592665,5434017
4.592691,5436913
4.592701,5439809
4.592709,5439809
4.594575,5439809
4.594607,5439809
4.597454,5439809
4.598739,5439809
4.599937,5439809
4.602229,5439809
4.604043,5439809
4.605165,5439809
4.607590,5439809
4.613344,5439809
4.615747,5439809
4.617899,5439809
4.619080,5439809
4.620260,5439809
4.621001,5439809
4.623179,5439809
4.624345,5439809
4.625533,5439809
4.626716,5439809
4.627897,5439809
4.629021,5439809
4.630202,5439809
4.631365,5439809
4.632545,5439809
4.633724,5439809
4.634915,5439809
4.636105,5458633
4.641289,5547713
4.692470,5550609
4.693172,5553505
4.693199,5556401
4.694342,5559297
4.695348,5562193
4.696417,5565089
4.696444,5567985
4.697602,5570881
4.698791,5573777
4.699985,5576673
4.701142,5579569
4.702276,5582465
4.703482,5585361
4.704645,5588257
4.704680,5591153
4.704695,5591153
4.705864,5591153
4.705902,5591153
4.708201,5591153
4.709974,5591153
4.713521,5591153
4.715702,5591153
4.715736,5591153
4.716886,5591153
4.719071,5591153
4.720254,5591153
4.722429,5591153
4.723612,5591153
4.724797,5591153
4.725978,5591153
4.726734,5591153
4.728859,5591153
4.730041,5591153
4.731226,5591153
4.732391,5591153
4.733573,5591153
4.746756,5678033
4.788004,5678785
4.795874,5681681
4.796998,5684577
4.797611,5687473
4.797638,5687473
4.798806,5687473
4.798873,5687473
4.800685,5687473
4.802464,5687473
4.803674,5687473
4.804868,5687473
4.806050,5687473
4.807233,5687473
4.808384,5687473
4.809494,5687473
4.811885,5687473
4.814258,5687473
4.816489,5687473
4.817744,5687473
4.818885,5687473
4.821310,5687473
4.822494,5687473
4.829116,5687473
4.831300,5687473
4.832483,5687473
4.833665,5687473
4.833699,5687473
4.834840,5687473
4.836973,5687473
4.838150,5687473
4.839327,5687473
4.840509,5687473
4.840543,5798969
4.841697,5801865
4.841726,5804761
4.843889,5807657
4.845009,5809857
4.901518,5812753
4.902645,5815649
4.902677,5818545
4.902692,5821441
4.904409,5824337
4.905587,5827233
4.905617,5830129
4.905626,5833025
4.908039,5835921
4.909171,5838817
4.910313,5841713
4.911467,5844609
4.912646,5847505
4.912676,5850401
4.913800,5853297
4.914932,5856193
4.916310,5859089
4.917447,5861985
4.917477,5864881
4.918660,5867777
4.918687,5873569
4.919818,5876465
4.923314,5883705
4.924470,5886601
4.926634,5890945
4.926650,5895289
4.927778,5898185
4.928827,5901081
4.928843,5903977
4.929970,5906873
4.931108,5909769
4.933230,5912665
4.934349,5915561
4.935475,5918457
4.935488,5921353
4.936615,5924249
4.936625,5927145
4.938736,5930041
4.939853,5932937
4.940930,5935833
4.942064,5940929
5.006237,5943825
5.007377,5946721
5.007394,5949617
5.007859,5949617
5.008960,5949617
5.008977,5949617
5.011379,5949617
5.013789,5949617
5.016222,5949617
5.018645,5949617
5.018669,5949617
5.021011,5949617
5.023440,5949617
5.024709,5949617
5.028259,5949617
5.029380,5949617
5.030607,5949617
5.030640,5949617
5.032813,5949617
5.034009,5949617
5.035141,5949617
5.036386,5949617
5.037564,5949617
5.038748,5949617
5.039931,5949617
5.041093,5949617
5.042277,5949617
5.044461,5949617
5.045647,5949617
5.045682,5949617
5.046843,5949617
5.048027,5949617
5.049204,5964097
5.055588,6011881
5.068786,6072001
5.110429,6074897
5.111600,6077793
5.113602,6080689
5.113631,6083585
5.115055,6086481
5.115920,6089377
5.117033,6095169
5.119358,6098065
5.120474,6099513
5.120507,6099513
5.121629,6099513
5.121682,6099513
5.124146,6099513
5.125705,6099513
5.128053,6099513
5.130473,6099513
5.131669,6099513
5.134053,6099513
5.136389,6099513
5.138556,6099513
5.139725,6099513
5.139755,6099513
5.141924,6099513
5.142644,6099513
5.144817,6099513
5.145985,6099513
5.147153,6099513
5.148328,6099513
5.149521,6099513
5.150692,6099513
5.151811,6099513
5.152933,6099513
5.154109,6099513
5.155277,6099513
5.163406,6155985
5.181419,6176257
5.188590,6203073
5.216249,6205969
5.217375,6208865
5.218129,6211761
5.219268,6214657
5.220361,6217553
5.221466,6220449
5.221486,6223345
5.222608,6226241
5.222627,6229137
5.223727,6232033
5.224790,6234929
5.225996,6237825
5.227180,6240721
5.228313,6243617
5.229359,6246513
5.230485,6249409
5.231558,6252305
5.232704,6255201
5.232723,6258097
5.232730,6260993
5.233853,6263889
5.234999,6266785
5.236138,6269681
5.238423,6272577
5.239689,6275473
5.239715,6278369
5.240858,6281265
5.243036,6284161
5.244211,6287057
5.245330,6289953
5.246445,6292849
5.247631,6294297
5.247669,6294297
5.247681,6294297
5.248836,6294297
5.250004,6294297
5.251309,6294297
5.253438,6294297
5.254642,6294297
5.254677,6294297
5.255825,6294297
5.256973,6294297
5.258147,6294297
5.260329,6294297
5.261499,6294297
5.289344,6300089
5.290560,6307329
5.293765,6318913
5.296930,6334145
5.321342,6337041
5.321370,6339937
5.323292,6342833
5.323320,6345729
5.325248,6348625
5.326244,6351521
5.327142,6354417
5.328320,6357313
5.328351,6360209
5.331476,6366001
5.333849,6368897
5.337409,6371793
5.338738,6377585
5.338764,6380481
5.339895,6383377
5.341043,6386273
5.342217,6389169
5.343391,6392065
5.344655,6394961
5.345808,6397857
5.346993,6400753
5.349292,6405097
5.350455,6410889
5.351570,6413785
5.352734,6416681
5.353913,6419577
5.355075,6422473
5.356237,6428265
5.357395,6431161
5.359564,6434057
5.359594,6436953
5.360739,6439849
5.361916,6445641
5.363082,6451433
5.365207,6454329
5.366383,6457225
5.367554,6460121
5.368723,6463017
5.368767,6463017
5.425830,6463017
5.425864,6463017
5.427971,6463017
5.429813,6463017
5.431438,6463017
5.432850,6463017
5.435240,6491281
5.435300,6494177
5.436439,6497073
5.437250,6499969
5.438429,6502865
5.439623,6508657
5.440779,6511553
5.441844,6514449
5.442976,6517345
5.444097,6520241
5.445372,6523137
5.446488,6526033
5.446659,6528929
5.447801,6531825
5.448626,6536169
5.449779,6539065
5.449801,6541961
5.451909,6544857
5.452998,6547753
5.454136,6550649
5.455263,6556441
5.456862,6559337
5.457981,6565129
5.460099,6568025
5.461224,6570921
5.462344,6573817
5.463462,6576713
5.464578,6579609
5.465692,6585401
5.466870,6588297
5.468943,6594089
5.476051,6596289
5.530152,6599185
5.531175,6602081
5.532323,6604977
5.532350,6607873
5.533497,6610769
5.533766,6610769
5.534883,6610769
5.534909,6610769
5.537260,6610769
5.538886,6610769
5.541169,6610769
5.543685,6610769
5.544802,6610769
5.547230,6610769
5.548376,6610769
5.550120,6610769
5.551296,6610769
5.553726,6610769
5.554891,6610769
5.555874,6610769
5.558039,6610769
5.559208,6610769
5.560369,6610769
5.561537,6610769
5.562707,6610769
5.563879,6610769
5.565002,6610769
5.566178,6610769
5.567360,6610769
5.568052,6610769
5.570222,6610769
5.571387,6610769
5.572559,6610769
5.573750,6610769
5.575918,6646969
5.588092,6717921
5.633809,6730257
5.635723,6733153
5.635750,6736049
5.638111,6738945
5.639105,6741841
5.640278,6744737
5.641228,6747633
5.642360,6750529
5.643458,6753425
5.644592,6756321
5.644617,6759217
5.644626,6762113
5.645765,6765009
5.646949,6767905
5.649148,6773697
5.650271,6776593
5.651551,6779489
5.652883,6782385
5.654056,6785281
5.655231,6788177
5.655260,6791073
5.656144,6793969
5.658274,6798313
5.659582,6801209
5.660779,6804105
5.660814,6804105
5.661972,6804105
5.663178,6804105
5.664367,6804105
5.666548,6804105
5.667721,6804105
5.667755,6804105
5.668864,6804105
5.670040,6804105
5.671222,6804105
5.673384,6804105
5.676564,6804105
5.676599,6804105
5.677781,6804105
5.678964,6804105
5.681141,6804105
5.703231,6808449
5.704396,6846097
5.718582,6851889
5.720534,6858433
5.739397,6861329
5.740509,6864225
5.741101,6867121
5.743006,6870017
5.744053,6872913
5.745271,6875809
5.745983,6878705
5.746999,6881601
5.748176,6884497
5.748204,6887393
5.750136,6890289
5.750163,6893185
5.752277,6893185
5.752308,6893185
5.752319,6893185
5.754761,6893185
5.760929,6893185
5.763330,6893185
5.764450,6893185
5.765719,6893185
5.766893,6893185
5.770619,6893185
5.771800,6893185
5.773791,6893185
5.774971,6893185
5.776153,6893185
5.777328,6893185
5.779511,6893185
5.780689,6893185
5.780722,6893185
5.781880,6893185
5.783031,6893185
5.784214,6893185
5.785921,6893185
5.787104,6893185
5.788286,6893185
5.793467,6914905
5.805642,6989505
5.844493,6989505
5.845814,6989505
5.845843,6989505
5.848078,6989505
5.848810,6989505
5.851019,6989505
5.852152,6989505
5.854456,6989505
5.855717,6989505
5.857974,6989505
5.860496,6989505
5.862733,6989505
5.862768,6989505
5.863932,6989505
5.866112,6989505
5.866733,6989505
5.868860,6989505
5.870048,6989505
5.871237,6989505
5.872400,6989505
5.873532,6989505
5.874719,6989505
5.875900,6989505
5.877024,6989505
5.878209,6989505
5.879372,6989505
5.880556,6989505
5.886875,6995297
5.888996,7060457
5.907268,7073489
5.911450,7120577
5.950218,7123473
5.951197,7126369
5.952377,7129265
5.952407,7132161
5.953047,7135057
5.954155,7137953
5.955289,7140849
5.956346,7143745
5.957449,7146641
5.958575,7149537
5.958600,7152433
5.959766,7155329
5.960948,7158225
5.962128,7161121
5.964536,7166913
5.964564,7169809
5.965702,7175601
5.967940,7178497
5.969043,7181393
5.970244,7184289
5.971335,7187185
5.973632,7191529
5.973647,7192977
5.973657,7192977
5.974734,7192977
5.975877,7192977
5.976963,7192977
5.979084,7192977
5.980206,7192977
5.981326,7192977
5.982440,7192977
5.983569,7192977
5.984689,7192977
5.985814,7192977
5.986924,7192977
5.988032,7192977
5.989132,7192977
5.990239,7192977
5.991349,7192977
5.992456,7192977
5.994561,7192977
6.016061,7211801
6.055143,7254545
6.056325,7255993
6.056343,7255993
6.057483,7255993
6.058636,7255993
6.058670,7255993
6.059812,7255993
6.061967,7255993
6.063150,7255993
6.064321,7255993
6.065501,7255993
6.066690,7255993
6.066752,7255993
6.067906,7255993
6.069026,7255993
6.071235,7255993
6.072349,7255993
6.073519,7255993
6.097372,7255993
6.098586,7255993
6.098651,7313913
6.098669,7316809
6.099828,7319705
6.103055,7322601
6.104168,7325497
6.105334,7328393
6.107509,7331289
6.107538,7338529
6.108699,7341425
6.109874,7344321
6.111049,7347217
6.112226,7350113
6.113385,7355905
6.138624,7360249
6.139744,7366041
6.139773,7368937
6.142151,7370385
6.143732,7370385
6.143773,7370385
6.144872,7370385
6.160808,7370385
6.162061,7370385
6.163802,7370385
6.165687,7370385
6.165755,7370385
6.168314,7370385
6.169472,7370385
6.170670,7370385
6.170734,7370385
6.171926,7370385
6.174088,7370385
6.175289,7370385
6.176449,7370385
6.177614,7370385
6.177649,7370385
6.179796,7370385
6.180920,7370385
6.182643,7370385
6.183771,7370385
6.183803,7373281
6.185973,7462361
6.186033,7462361
6.186050,7462361
6.201154,7462361
6.203309,7462361
6.204437,7462361
6.206600,7462361
6.210124,7462361
6.212301,7462361
6.213428,7462361
6.214593,7462361
6.215764,7462361
6.217933,7462361
6.228266,7462361
6.242406,7513793
6.262705,7516689
6.263612,7519585
6.264612,7522481
6.265751,7525377
6.267558,7528273
6.268627,7531169
6.268654,7534065
6.271592,7536961
6.271618,7539857
6.272760,7542753
6.273946,7545649
6.275101,7548545
6.276294,7551441
6.278660,7557233
6.278705,7560129
6.283512,7563025
6.284690,7565921
6.284719,7568817
6.285924,7570265
6.285957,7570265
6.287119,7570265
6.289478,7570265
6.290019,7570265
6.291201,7570265
6.293370,7570265
6.294539,7570265
6.295705,7570265
6.295736,7570265
6.296873,7570265
6.299040,7570265
6.300208,7570265
6.301369,7570265
6.302534,7570265
6.302604,7570265
6.304767,7570265
6.305935,7570265
6.307159,7570265
6.308554,7570265
6.310735,7570265
6.310769,7570265
6.326920,7594881
6.336099,7612257
6.344286,7644865
6.369093,7647761
6.370088,7650657
6.371229,7653553
6.371257,7656449
6.372108,7659345
6.373218,7662241
6.374508,7665137
6.375617,7668033
6.375644,7670929
6.376766,7673825
6.377993,7676721
6.379123,7679617
6.380426,7682513
6.381519,7685409
6.382630,7688305
6.382656,7691201
6.382666,7694097
6.383776,7696993
6.386232,7699889
6.387511,7702785
6.388631,7705681
6.388660,7708577
6.389857,7711473
6.392248,7715817
6.393435,7721609
6.394622,7724505
6.395785,7727401
6.396871,7730297
6.398031,7733193
6.399198,7738985
6.400358,7741881
6.401521,7744777
6.403686,7747673
6.403714,7752017
6.404868,7754913
6.406032,7762153
6.409175,7767945
6.410335,7770841
6.411498,7773737
6.412661,7775937
6.474360,7778833
6.475537,7781729
6.476698,7784625
6.476728,7787521
6.478141,7790417
6.479288,7793313
6.480299,7796209
6.480330,7799105
6.481385,7802001
6.482508,7804897
6.483610,7807793
6.483633,7810689
6.484771,7813585
6.486013,7816481
6.487228,7819377
6.488350,7822273
6.489594,7825169
6.489618,7828065
6.490726,7833857
6.491940,7836753
6.493041,7839649
6.494310,7842545
6.497654,7846889
6.497683,7846889
6.499072,7846889
6.499103,7846889
6.500292,7846889
6.501466,7846889
6.502633,7846889
6.503791,7846889
6.504896,7846889
6.506032,7846889
6.507129,7846889
6.508260,7846889
6.510399,7846889
6.511542,7846889
6.512664,7846889
6.512679,7846889
6.513790,7846889
6.514914,7846889
6.516040,7846889
6.518119,7846889
6.539728,7907009
6.579278,7909905
6.579309,7912801
6.580483,7915697
6.581725,7917145
6.581769,7917145
6.581788,7917145
6.584192,7917145
6.587157,7917145
6.590654,7917145
6.590692,7917145
6.594297,7917145
6.596507,7917145
6.597686,7917145
6.597723,7917145
6.598874,7917145
6.600078,7917145
6.602227,7917145
6.602762,7917145
6.604868,7917145
6.606056,7917145
6.607240,7917145
6.608405,7917145
6.609587,7917145
6.610752,7917145
6.611932,7917145
6.613093,7917145
6.614276,7917145
6.623642,7957689
6.634813,7979409
6.639979,7986649
6.642159,8038081
6.684398,8040977
6.684437,8043873
6.686411,8046769
6.687270,8049665
6.689341,8051113
6.689375,8051113
6.689386,8051113
6.690582,8051113
6.691765,8051113
6.693396,8051113
6.696856,8051113
6.698048,8051113
6.700476,8051113
6.701573,8051113
6.702712,8051113
6.705143,8051113
6.707525,8051113
6.709668,8051113
6.709702,8051113
6.711860,8051113
6.712985,8051113
6.714168,8051113
6.716337,8051113
6.717517,8051113
6.718637,8051113
6.718670,8051113
6.719830,8051113
6.720954,8051113
6.723138,8051113
6.724327,8051113
6.725507,8051113
6.726688,8051113
6.726722,8051113
6.729878,8169153
6.789428,8172049
6.790337,8174945
6.791496,8177841
6.791525,8180737
6.793397,8183633
6.793424,8186529
6.794557,8189425
6.795664,8192321
6.795690,8195217
6.796858,8198113
6.797934,8201009
6.799117,8203905
6.800303,8206801
6.801435,8209697
6.802608,8212593
6.802634,8215489
6.803719,8218385
6.804868,8221281
6.804898,8224177
6.806194,8227073
6.807373,8229969
6.808525,8232865
6.809768,8237209
6.812085,8240105
6.813264,8241553
6.813298,8241553
6.814456,8241553
6.816656,8241553
6.817837,8241553
6.818979,8241553
6.820171,8241553
6.821337,8241553
6.823499,8241553
6.824681,8241553
6.824715,8241553
6.825830,8241553
6.827017,8241553
6.828205,8241553
6.830370,8241553
6.831553,8241553
6.832733,8241553
6.832776,8241553
6.855368,8300225
6.893329,8303121
6.895354,8303121
6.895387,8303121
6.897857,8303121
6.899925,8303121
6.900861,8303121
6.903126,8303121
6.905543,8303121
6.906671,8303121
6.907862,8303121
6.910187,8303121
6.912456,8303121
6.913714,8303121
6.914905,8303121
6.917274,8303121
6.919620,8303121
6.920808,8303121
6.921995,8303121
6.923182,8303121
6.924347,8303121
6.925526,8303121
6.927691,8303121
6.927724,8303121
6.928860,8303121
6.930041,8303121
6.931223,8303121
6.932387,8303121
6.934506,8303121
6.935686,8303121
6.935720,8303121
6.936859,8303121
6.938041,8431297
6.998038,8434193
6.999197,8437089
7.000311,8439985
7.000334,8442881
7.001437,8445777
7.002746,8447225
7.003861,8447225
7.003889,8447225
7.006291,8447225
7.006709,8447225
7.009013,8447225
7.012946,8447225
7.015368,8447225
7.016807,8447225
7.017910,8447225
7.023088,8447225
7.024795,8447225
7.027559,8447225
7.028695,8447225
7.028713,8447225
7.030631,8447225
7.031752,8447225
7.032811,8447225
7.033929,8447225
7.035048,8447225
7.037165,8447225
7.038286,8447225
7.039670,8447225
7.040793,8447225
7.041910,8447225
7.044729,8450121
7.045788,8463153
7.048876,8487769
7.058056,8490665
7.064234,8503697
7.066344,8562369
7.103848,8568161
7.104695,8571057
7.104709,8573953
7.105860,8576849
7.106771,8579745
7.107921,8582641
7.109007,8585537
7.110144,8588433
7.111413,8591329
7.112563,8594225
7.113701,8597121
7.113723,8600017
7.114882,8602913
7.117189,8605809
7.117215,8608705
7.119684,8613049
7.120853,8613049
7.120878,8613049
7.123247,8613049
7.124902,8613049
7.127341,8613049
7.128522,8613049
7.129725,8613049
7.129760,8613049
7.130918,8613049
7.132093,8613049
7.134276,8613049
7.135406,8613049
7.136593,8613049
7.136628,8613049
7.137787,8613049
7.139969,8613049
7.141115,8613049
7.142455,8613049
7.144710,8613049
7.144743,8613049
7.145912,8613049
7.160860,8614497
7.163040,8633321
7.170227,8693441
7.208026,8696337
7.209024,8699233
7.210199,8702129
7.210260,8705025
7.210922,8707921
7.212045,8710817
7.213223,8713713
7.214429,8716609
7.215683,8719505
7.215718,8722401
7.216851,8725297
7.218120,8728193
7.219326,8731089
7.220520,8733985
7.221686,8736881
7.222918,8739777
7.222946,8742673
7.222955,8745569
7.225334,8748465
7.226502,8751361
7.227684,8754257
7.227710,8757153
7.228877,8760049
7.231280,8762945
7.232456,8765841
7.233632,8768737
7.233662,8773081
7.233673,8775977
7.235779,8778873
7.236872,8781769
7.238049,8784665
7.239211,8790457
7.240388,8793353
7.242558,8799145
7.243717,8802041
7.243745,8804937
7.244860,8810729
7.248031,8816521
7.249186,8819417
7.250366,8822313
7.251512,8824513
7.313130,8827409
7.314062,8830305
7.315247,8831753
7.315285,8831753
7.315752,8831753
7.316871,8831753
7.318719,8831753
7.320966,8831753
7.323359,8831753
7.324606,8831753
7.325784,8831753
7.328162,8831753
7.330411,8831753
7.331701,8831753
7.334414,8831753
7.335632,8831753
7.336786,8831753
7.339015,8831753
7.340200,8831753
7.341376,8831753
7.342556,8831753
7.343740,8831753
7.344837,8831753
7.346018,8831753
7.347199,8831753
7.348365,8831753
7.349545,8831753
7.350715,8831753
7.351841,8831753
7.352967,8831753
7.354151,8831753
7.356331,8831753
7.357509,8831753
7.357567,8872297
7.398022,8955585
7.418052,8958481
7.419025,8961377
7.420235,8964273
7.420273,8967169
7.420885,8970065
7.422060,8972961
7.423203,8975857
7.424265,8978753
7.425376,8981649
7.425700,8984545
7.426877,8987441
7.428066,8990337
7.429263,8993233
7.430435,8996129
7.431593,8999025
7.431622,9001921
7.432822,9004817
7.434001,9007713
7.435219,9010609
7.436406,9013505
7.437610,9016401
7.437636,9019297
7.438814,9022193
7.441089,9022193
7.442279,9022193
7.443474,9022193
7.444667,9022193
7.445848,9022193
7.447032,9022193
7.448212,9022193
7.449384,9022193
7.450570,9022193
7.451753,9022193
7.452863,9022193
7.454045,9022193
7.455224,9022193
7.456398,9022193
7.458602,9022193
7.458636,9022193
7.459795,9022193
7.460883,9022193
7.483233,9068529
7.497369,9084457
7.502552,9086657
7.523538,9089553
7.523566,9092449
7.525322,9095345
7.525980,9098241
7.527078,9101137
7.528121,9104033
7.529213,9106929
7.530289,9109825
7.531385,9112721
7.532383,9115617
7.533486,9118513
7.534652,9121409
7.534682,9124305
7.535779,9127201
7.536916,9130097
7.536923,9132993
7.538033,9135889
7.539102,9140233
7.540217,9144577
7.543583,9151817
7.543597,9154713
7.544615,9154713
7.545691,9154713
7.545699,9154713
7.548208,9154713
7.549384,9154713
7.550564,9154713
7.550597,9154713
7.551753,9154713
7.552861,9154713
7.555041,9154713
7.556222,9154713
7.557405,9154713
7.558587,9154713
7.558619,9154713
7.559777,9154713
7.560871,9154713
7.562051,9154713
7.564232,9154713
7.565415,9154713
7.566507,9154713
7.567691,9154713
7.585822,9217729
7.628294,9220625
7.629468,9223521
7.630224,9226417
7.630252,9229313
7.631412,9232209
7.631740,9235105
7.632854,9238001
7.634064,9238001
7.635225,9238001
7.635261,9238001
7.636662,9238001
7.637833,9238001
7.640549,9238001
7.641640,9238001
7.642747,9238001
7.643891,9238001
7.646155,9238001
7.647913,9238001
7.650185,9238001
7.651611,9238001
7.652794,9238001
7.653976,9238001
7.655155,9238001
7.656880,9238001
7.658064,9238001
7.659247,9238001
7.660423,9238001
7.662603,9238001
7.662638,9238001
7.663797,9238001
7.667075,9238001
7.668267,9238001
7.669412,9238001
7.670602,9238001
7.671784,9238001
7.675964,9268409
7.685107,9348801
7.732426,9351697
7.733180,9354593
7.734375,9357489
7.735106,9360385
7.736278,9363281
7.737156,9366177
7.737183,9369073
7.739555,9371969
7.739579,9374865
7.740691,9377761
7.740715,9380657
7.741824,9383553
7.744297,9385001
7.744329,9385001
7.745456,9385001
7.746611,9385001
7.747787,9385001
7.749421,9385001
7.750638,9385001
7.752930,9385001
7.755343,9385001
7.757632,9385001
7.757667,9385001
7.758826,9385001
7.760949,9385001
7.762129,9385001
7.763314,9385001
7.764499,9385001
7.765638,9385001
7.766818,9385001
7.767998,9385001
7.769179,9385001
7.771354,9385001
7.772536,9385001
7.773717,9385001
7.773751,9385001
7.774934,9385001
7.786115,9454505
7.808856,9473329
7.815041,9479873
7.837208,9482769
7.838381,9485665
7.839203,9488561
7.839230,9491457
7.841196,9494353
7.841222,9497249
7.842274,9500145
7.843398,9500145
7.844640,9500145
7.844667,9500145
7.845801,9500145
7.848626,9500145
7.849756,9500145
7.852232,9500145
7.854562,9500145
7.855719,9500145
7.856815,9500145
7.859349,9500145
7.861726,9500145
7.861760,9500145
7.862919,9500145
7.865043,9500145
7.866208,9500145
7.867379,9500145
7.869562,9500145
7.869596,9500145
7.870779,9500145
7.871961,9500145
7.873123,9500145
7.875307,9500145
7.876488,9500145
7.877665,9500145
7.877699,9500145
7.878862,9500145
7.880043,9500145
7.910608,9610945
7.941052,9613841
7.943062,9616737
7.944094,9619633
7.944121,9622529
7.947134,9623977
7.947165,9623977
7.948220,9623977
7.949370,9623977
7.951154,9623977
7.952226,9623977
7.954560,9623977
7.954616,9623977
7.956876,9623977
7.958558,9623977
7.959742,9623977
7.960864,9623977
7.963278,9623977
7.964422,9623977
7.965700,9623977
7.966825,9623977
7.968029,9623977
7.969078,9623977
7.971285,9623977
7.972466,9623977
7.973649,9623977
7.974834,9623977
7.975937,9623977
7.977094,9623977
7.978283,9623977
7.980464,9623977
7.981647,9623977
7.981681,9623977
7.982824,9623977
7.984007,9623977
7.986188,9623977
7.987360,9623977
7.989544,9644249
7.996301,9690585
8.010487,9742017
8.047082,9744913
8.048258,9747809
8.049038,9750705
8.049066,9753601
8.050677,9756497
8.051853,9759393
8.052662,9762289
8.053777,9765185
8.055066,9768081
8.056198,9770977
8.057312,9773873
8.058574,9776769
8.058600,9779665
8.059717,9782561
8.060797,9785457
8.062131,9788353
8.063265,9791249
8.065648,9792697
8.065681,9792697
8.065693,9792697
8.066917,9792697
8.069593,9792697
8.070740,9792697
8.073014,9792697
8.074180,9792697
8.075365,9792697
8.076535,9792697
8.077702,9792697
8.077727,9792697
8.079871,9792697
8.080974,9792697
8.082119,9792697
8.083257,9792697
8.084400,9792697
8.086328,9792697
8.087450,9792697
8.088569,9792697
8.089690,9792697
8.091476,9792697
8.106608,9801385
8.109746,9867993
8.131615,9873089
8.152197,9875985
8.152239,9878881
8.153053,9881777
8.154227,9884673
8.156069,9887569
8.157239,9890465
8.158309,9893361
8.159425,9896257
8.160540,9899153
8.161673,9902049
8.161700,9904945
8.164124,9906393
8.164159,9906393
8.165341,9906393
8.166493,9906393
8.168337,9906393
8.170522,9906393
8.171700,9906393
8.172837,9906393
8.175308,9906393
8.176469,9906393
8.178709,9906393
8.178744,9906393
8.179890,9906393
8.182056,9906393
8.183234,9906393
8.184370,9906393
8.185505,9906393
8.186675,9906393
8.187842,9906393
8.188966,9906393
8.190134,9906393
8.192318,9906393
8.193484,9906393
8.194653,9906393
8.194685,9906393
8.195833,9906393
8.256006,10007057
8.257142,10009953
8.259542,10012849
8.259606,10015745
8.261339,10018641
8.262496,10021537
8.263346,10024433
8.264520,10027329
8.265338,10030225
8.266512,10033121
8.267336,10036017
8.268455,10038913
8.269635,10041809
8.269664,10044705
8.269673,10044705
8.270831,10044705
8.270862,10044705
8.274043,10044705
8.275224,10044705
8.276392,10044705
8.277579,10044705
8.277614,10044705
8.280076,10044705
8.281245,10044705
8.283618,10044705
8.284833,10044705
8.287600,10044705
8.298603,10044705
8.298638,10044705
8.299796,10044705
8.300944,10044705
8.302076,10044705
8.304252,10044705
8.304682,10044705
8.305861,10044705
8.308026,10044705
8.309206,10044705
8.310370,10044705
8.311548,10044705
8.311579,10080905
8.324981,10102625
8.341147,10135233
8.361112,10138129
8.363010,10141025
8.363951,10143921
8.364955,10146817
8.365943,10149713
8.367083,10152609
8.368206,10155505
8.369401,10158401
8.370548,10161297
8.371724,10164193
8.371751,10167089
8.372807,10169985
8.373882,10172881
8.374925,10175777
8.376073,10178673
8.377197,10181569
8.378359,10184465
8.379501,10187361
8.380643,10190257
8.380670,10193153
8.381815,10196049
8.382980,10198945
8.384167,10201841
8.385292,10204737
8.386486,10207633
8.386666,10210529
8.386692,10214873
8.387851,10217769
8.388970,10220665
8.390147,10223561
8.393329,10223561
8.393364,10223561
8.394523,10223561
8.395722,10223561
8.395779,10223561
8.396868,10223561
8.398050,10223561
8.399228,10223561
8.401353,10223561
8.402534,10223561
8.403715,10223561
8.403748,10223561
8.404857,10223561
8.407036,10223561
8.434956,10225009
8.437157,10266305
8.464965,10269201
8.467251,10269201
8.467286,10269201
8.467297,10269201
8.469687,10269201
8.471252,10269201
8.472520,10269201
8.474850,10269201
8.477250,10269201
8.479687,10269201
8.480861,10269201
8.483382,10269201
8.485512,10269201
8.486690,10269201
8.486723,10269201
8.487613,10269201
8.489798,10269201
8.491016,10269201
8.492168,10269201
8.494336,10269201
8.495520,10269201
8.496692,10269201
8.496726,10269201
8.497887,10269201
8.500125,10269201
8.501326,10269201
8.502511,10269201
8.503695,10269201
8.507877,10344497
8.530978,10397377
8.570900,10400273
8.572095,10403169
8.572722,10403169
8.572774,10403169
8.572787,10403169
8.574670,10403169
8.576933,10403169
8.582186,10403169
8.584508,10403169
8.585584,10403169
8.586748,10403169
8.589012,10403169
8.591319,10403169
8.593569,10403169
8.594745,10403169
8.595726,10403169
8.597916,10403169
8.599104,10403169
8.600282,10403169
8.601458,10403169
8.602600,10403169
8.602632,10403169
8.603777,10403169
8.604842,10403169
8.606990,10403169
8.608131,10403169
8.609271,10403169
8.610409,10403169
8.611539,10403169
8.612666,10403169
8.612681,10403169
8.612686,10471225
8.615799,10471225
8.615813,10471225
8.636446,10528449
8.676040,10531345
8.676871,10534241
8.678051,10537137
8.678083,10540033
8.678718,10542929
8.679782,10545825
8.680900,10548721
8.682080,10551617
8.684472,10554513
8.684502,10557409
8.685690,10560305
8.686858,10564649
8.688046,10568993
8.689221,10571889
8.691644,10573337
8.691678,10573337
8.691690,10573337
8.692854,10573337
8.695662,10573337
8.696864,10573337
8.699245,10573337
8.700425,10573337
8.701606,10573337
8.701640,10573337
8.702804,10573337
8.703981,10573337
8.706163,10573337
8.707329,10573337
8.708510,10573337
8.709691,10573337
8.709727,10573337
8.711886,10573337
8.713666,10573337
8.713720,10573337
8.715885,10573337
8.717011,10573337
8.718138,10573337
8.719323,10573337
8.732503,10659521
8.780867,10662417
8.782034,10665313
8.783211,10668209
8.783240,10671105
8.784335,10674001
8.785471,10676897
8.786653,10679793
8.786680,10682689
8.787849,10685585
8.790229,10688481
8.791413,10691377
8.792594,10694273
8.792623,10697169
8.792632,10697169
8.793780,10697169
8.793811,10697169
8.796130,10697169
8.796701,10697169
8.799019,10697169
8.801354,10697169
8.803727,10697169
8.804879,10697169
8.807059,10697169
8.808230,10697169
8.809392,10697169
8.810576,10697169
8.810639,10697169
8.811799,10697169
8.813926,10697169
8.815552,10697169
8.817724,10697169
8.817772,10697169
8.818936,10697169
8.820122,10697169
8.821289,10697169
8.822472,10697169
8.824643,10697169
8.824677,10697169
8.833752,10747849
8.851951,10790593
8.884700,10793489
8.885816,10796385
8.888111,10799281
8.888144,10802177
8.889443,10805073
8.889469,10807969
8.890639,10810865
8.890665,10813761
8.891782,10816657
8.891808,10819553
8.893980,10825345
8.895280,10828241
8.896426,10831137
8.896459,10834033
8.897714,10839825
8.898830,10839825
8.898862,10839825
8.898873,10839825
8.902163,10839825
8.903340,10839825
8.905518,10839825
8.906702,10839825
8.906735,10839825
8.907884,10839825
8.909012,10839825
8.911192,10839825
8.912359,10839825
8.913541,10839825
8.914723,10839825
8.914758,10839825
8.916884,10839825
8.918072,10839825
8.919249,10839825
8.919845,10839825
8.940029,10921665
8.990826,10924561
8.991987,10927457
8.992704,10933249
8.993882,10936145
8.994621,10939041
8.995743,10941937
8.998119,10944833
8.998147,10947729
9.000536,10950625
9.001603,10953521
9.001629,10956417
9.001640,10959313
9.002805,10962209
9.005131,10963657
9.005168,10963657
9.006426,10963657
9.007618,10963657
9.008804,10963657
9.011646,10963657
9.012781,10963657
9.015217,10963657
9.016407,10963657
9.017581,10963657
9.017616,10963657
9.018726,10963657
9.019900,10963657
9.021035,10963657
9.023218,10963657
9.024381,10963657
9.025557,10963657
9.025617,10963657
9.028509,10963657
9.029694,10963657
9.029731,10963657
9.031890,10963657
9.033037,10963657
9.034220,10963657
9.035359,10963657
9.045867,10988273
9.056372,11020129
9.067543,11040401
9.073728,11052737
9.095862,11055633
9.096849,11058529
9.098026,11061425
9.098064,11064321
9.098785,11067217
9.099966,11070113
9.101109,11073009
9.102302,11075905
9.103487,11078801
9.104648,11081697
9.105804,11084593
9.106902,11087489
9.108046,11090385
9.108073,11093281
9.109205,11096177
9.110337,11099073
9.111477,11101969
9.112649,11104865
9.112676,11107761
9.113665,11110657
9.114849,11113553
9.116033,11116449
9.117145,11119345
9.119461,11123689
9.120642,11126585
9.120671,11129481
9.121822,11133825
9.121853,11136721
9.123006,11141065
9.125164,11143961
9.126333,11146857
9.127494,11149753
9.128649,11152649
9.128671,11155545
9.129798,11161337
9.130953,11164233
9.133073,11167129
9.134210,11170025
9.135335,11172921
9.136472,11175817
9.137594,11178713
9.137607,11183809
9.199475,11186705
9.200591,11189601
9.200615,11192497
9.202051,11195393
9.203228,11198289
9.204185,11198289
9.204218,11198289
9.204229,11198289
9.206544,11198289
9.207104,11198289
9.209389,11198289
9.211693,11198289
9.213394,11198289
9.214559,11198289
9.215761,11198289
9.218104,11198289
9.221665,11198289
9.221698,11198289
9.223921,11198289
9.225052,11198289
9.227483,11198289
9.228679,11198289
9.228714,11198289
9.229876,11198289
9.232297,11198289
9.233504,11198289
9.234694,11198289
9.235874,11198289
9.237007,11198289
9.238188,11198289
9.239372,11198289
9.240548,11198289
9.242725,11198289
9.242759,11198289
9.244857,11215665
9.250042,11280825
9.273254,11314881
9.305591,11317777
9.305620,11320673
9.305630,11323569
9.305638,11326465
9.306816,11329361
9.309153,11332257
9.310330,11338049
9.310359,11340945
9.312722,11343841
9.312766,11349633
9.312780,11352529
9.315028,11355425
9.316187,11361217
9.316218,11364113
9.318616,11367009
9.318651,11371353
9.319822,11371353
9.319855,11371353
9.320955,11371353
9.322167,11371353
9.323357,11371353
9.324533,11371353
9.324598,11371353
9.326771,11371353
9.327953,11371353
9.329114,11371353
9.330298,11371353
9.331479,11371353
9.333660,11371353
9.333695,11371353
9.334853,11371353
9.336034,11371353
9.337215,11371353
9.339391,11371353
9.340577,11371353
9.361702,11385833
9.364870,11445953
9.410311,11448849
9.411480,11451745
9.411509,11451745
9.413267,11451745
9.415457,11451745
9.417261,11451745
9.419667,11451745
9.420865,11451745
9.422019,11451745
9.424318,11451745
9.427887,11451745
9.430274,11451745
9.431615,11451745
9.433954,11451745
9.436136,11451745
9.437308,11451745
9.438484,11451745
9.440665,11451745
9.440698,11451745
9.441855,11451745
9.443038,11451745
9.444220,11451745
9.446393,11451745
9.447578,11451745
9.447609,11451745
9.448796,11451745
9.449980,11451745
9.452143,11451745
9.453347,11451745
9.454528,11556001
9.489558,11566137
9.490737,11571929
9.491918,11577025
9.515324,11579921
9.516508,11582817
9.516537,11585713
9.518311,11588609
9.519510,11591505
9.520682,11594401
9.520711,11597297
9.521890,11600193
9.523031,11603089
9.523056,11605985
9.524142,11608881
9.526282,11614673
9.527542,11617569
9.528721,11620465
9.528765,11623361
9.528777,11626257
9.529915,11629153
9.531090,11632049
9.532401,11634945
9.533594,11637841
9.533621,11640737
9.534736,11643633
9.537042,11647977
9.539471,11656665
9.542648,11658113
9.542683,11658113
9.542695,11658113
9.543876,11658113
9.545001,11658113
9.546182,11658113
9.547359,11658113
9.549535,11658113
9.550718,11658113
9.550751,11658113
9.551883,11658113
9.553015,11658113
9.555195,11658113
9.556370,11658113
9.557575,11658113
9.557610,11658113
9.584543,11697209
9.596728,11708097
9.618825,11710993
9.621438,11713889
9.622631,11716785
9.622657,11716785
9.622674,11716785
9.622683,11716785
9.626726,11716785
9.626761,11716785
9.629137,11716785
9.630328,11716785
9.631688,11716785
9.638790,11716785
9.639886,11716785
9.641010,11716785
9.643191,11716785
9.644376,11716785
9.645552,11716785
9.647727,11716785
9.647760,11716785
9.648861,11716785
9.650034,11716785
9.652244,11716785
9.653420,11716785
9.654595,11716785
9.654630,11716785
9.655785,11716785
9.657961,11716785
9.659138,11716785
9.660011,11716785
9.680357,11794977
9.691483,11797873
9.691499,11839169
9.724009,11842065
9.724713,11844961
9.725913,11847857
9.726677,11850753
9.727880,11853649
9.728829,11856545
9.728837,11859441
9.729976,11862337
9.731174,11865233
9.732379,11868129
9.733590,11871025
9.733598,11873921
9.734697,11876817
9.736997,11878265
9.737008,11878265
9.738122,11878265
9.739361,11878265
9.740686,11878265
9.743219,11878265
9.745601,11878265
9.746770,11878265
9.749058,11878265
9.750241,11878265
9.751479,11878265
9.752646,11878265
9.753817,11878265
9.754985,11878265
9.756153,11878265
9.757327,11878265
9.758502,11878265
9.759194,11878265
9.761355,11878265
9.762523,11878265
9.763692,11878265
9.763725,11878265
9.764872,11878265
9.767040,11878265
9.768208,11878265
9.779373,11970241
9.829477,11973137
9.831579,11976033
9.831643,11978929
9.833286,11981825
9.834453,11984721
9.835658,11987617
9.835695,11990513
9.836845,11993409
9.837909,11996305
9.839019,11999201
9.840169,12002097
9.841262,12004993
9.841290,12007889
9.842427,12010785
9.843631,12013681
9.843657,12016577
9.844803,12019473
9.846012,12022369
9.847196,12025265
9.848388,12029609
9.849541,12033953
9.850727,12036849
9.851857,12041193
9.852984,12044089
9.854163,12046985
9.857342,12048433
9.857376,12048433
9.858523,12048433
9.859718,12048433
9.859752,12048433
9.860877,12048433
9.862045,12048433
9.864234,12048433
9.865394,12048433
9.866574,12048433
9.866607,12048433
9.867757,12048433
9.868890,12048433
9.871069,12048433
9.872242,12048433
9.873403,12048433
9.874583,12048433
9.900231,12062913
9.903406,12101313
9.933613,12104209
9.933679,12107105
9.935344,12110001
9.936880,12112897
9.938041,12115793
9.938069,12118689
9.938804,12121585
9.941152,12127377
9.943573,12130273
9.943599,12133169
9.944790,12134617
9.944825,12134617
9.945981,12134617
9.947134,12134617
9.948989,12134617
9.950118,12134617
9.952492,12134617
9.953687,12134617
9.954802,12134617
9.957058,12134617
9.959325,12134617
9.960509,12134617
9.961678,12134617
9.961712,12134617
9.962858,12134617
9.964981,12134617
9.966149,12134617
9.966944,12134617
9.969066,12134617
9.970236,12134617
9.971398,12134617
9.972563,12134617
9.973741,12134617
9.974910,12134617
9.976089,12134617
9.977272,12134617
9.987270,12167921
9.998440,12232385
10.039616,12235281
10.039644,12238177
10.039653,12241073
10.039661,12243969
10.041995,12246865
10.043159,12249761
10.043185,12252657
10.043194,12255553
10.044337,12258449
10.046707,12261345
10.046734,12264241
10.046742,12270033
10.048985,12272929
10.050250,12275825
10.050276,12278721
10.051390,12284513
10.052634,12287409
10.053741,12290305
10.054901,12296097
10.056065,12298993
10.057229,12304785
10.058388,12309129
10.060569,12312025
10.060597,12317817
10.061745,12320713
10.062908,12323609
10.064083,12329401
10.064112,12332297
10.065258,12335193
10.067425,12338089
10.068558,12343881
10.068601,12346777
10.069749,12352569
10.070913,12358361
10.073048,12361257
10.074238,12363457
10.143435,12366353
10.144347,12369249
10.146527,12372145
10.146749,12375041
10.147912,12377937
10.149028,12380833
10.150292,12383729
10.151485,12386625
10.152602,12389521
10.152631,12392417
10.153872,12395313
10.155065,12398209
10.155094,12401105
10.156246,12404001
10.157474,12406897
10.158666,12409793
10.158691,12412689
10.159845,12415585
10.160962,12418481
10.162153,12421377
10.163482,12427169
10.164637,12430065
10.167158,12434409
10.168289,12437305
10.169458,12440201
10.170632,12445993
10.170661,12448889
10.172817,12451785
10.173944,12454681
10.175120,12457577
10.176284,12463369
10.177467,12466265
10.179632,12469161
10.179660,12472057
10.180810,12474953
10.181981,12480745
10.183156,12483641
10.185345,12489433
10.186527,12492329
10.187700,12494529
10.248098,12497425
10.249096,12500321
10.250189,12503217
10.252546,12506113
10.253555,12509009
10.254663,12511905
10.254677,12514801
10.255823,12517697
10.257270,12520593
10.257282,12523489
10.258384,12526385
10.259517,12529281
10.260636,12532177
10.260648,12535073
10.261729,12537969
10.262842,12540865
10.263985,12543761
10.265107,12546657
10.266262,12549553
10.267428,12552449
10.268585,12555345
10.268595,12558241
10.270911,12561137
10.270923,12561137
10.270930,12561137
10.272144,12561137
10.273275,12561137
10.274604,12561137
10.275640,12561137
10.276758,12561137
10.277840,12561137
10.278924,12561137
10.281004,12561137
10.282086,12561137
10.283167,12561137
10.284248,12561137
10.285329,12561137
10.286410,12561137
10.287491,12561137
10.289613,12561137
10.289625,12561137
10.290736,12561137
10.291860,12561137
10.294821,6
10.295991,12561137
10.313117,12625602
10.395986,10
10.437374,296
10.437408,12625602
10.437468,296
10.479061,297
